account,URL,type,field
BertelsmannSt,http://twitter.com/BertelsmannSt,2,E
Ayto_Marbella,http://twitter.com/Ayto_Marbella,2,A
Ayt_DosHermanas,http://twitter.com/Ayt_DosHermanas,2,A
TMB_Barcelona,http://twitter.com/TMB_Barcelona,2,A
CEUAndalucia,http://twitter.com/CEUAndalucia,2,E
FundEduardSoler,http://twitter.com/FundEduardSoler,2,E
montse_milan,http://twitter.com/montse_milan,1,C
estellaacosta5,http://twitter.com/estellaacosta5,1,D
SalesianosMLG,http://twitter.com/SalesianosMLG,2,C
tonirecio,http://twitter.com/tonirecio,1,B
Interconexiona,http://twitter.com/Interconexiona,2,F
JosepMPique,http://twitter.com/JosepMPique,1,B
lugaricano,http://twitter.com/lugaricano,1,C
clubantares_,http://twitter.com/clubantares_,2,B
cifupresidenta,http://twitter.com/cifupresidenta,2,F
ViveroCarabanch,http://twitter.com/ViveroCarabanch,2,A
APeavera,http://twitter.com/APeavera,2,C
MarcialMarin,http://twitter.com/MarcialMarin,1,A
Alonso10Tomas,http://twitter.com/Alonso10Tomas,1,C
esBritish,http://twitter.com/esBritish,2,C
CET_Center,http://twitter.com/CET_Center,2,C
Zesnaola,http://twitter.com/Zesnaola,1,C
albertofabra,http://twitter.com/albertofabra,1,A
GIPHY,http://twitter.com/GIPHY,2,F
patriperal,http://twitter.com/patriperal,1,D
SelenneMoon,http://twitter.com/SelenneMoon,1,C
angeldp,http://twitter.com/angeldp,1,C
AFEMCUAL,http://twitter.com/AFEMCUAL,2,E
aec_es,http://twitter.com/aec_es,2,E
uvic_cp,http://twitter.com/uvic_cp,2,C
EdPolicyReview,http://twitter.com/EdPolicyReview,2,F
prendizext,http://twitter.com/prendizext,2,A
Riojaforum,http://twitter.com/Riojaforum,2,A
KREASFP,http://twitter.com/KREASFP,2,E
Nb_Barniol,http://twitter.com/Nb_Barniol,1,C
SaucedoSilv,http://twitter.com/SaucedoSilv,1,F
Tikci,http://twitter.com/Tikci,2,C
france_espagne,http://twitter.com/france_espagne,2,A
haraldsteffen,http://twitter.com/haraldsteffen,DESC,DESC
lescalanteleno,http://twitter.com/lescalanteleno,1,B
EduardPalleja,http://twitter.com/EduardPalleja,1,E
somosfpdual,http://twitter.com/somosfpdual,DESC,DESC
FP_Dual,http://twitter.com/FP_Dual,DESC,DESC
MaraPrezAlonso,http://twitter.com/MaraPrezAlonso,DESC,DESC
JesuitesEdu,http://twitter.com/JesuitesEdu,2,C
MediadorSeguros,http://twitter.com/MediadorSeguros,2,D
raulmatres,http://twitter.com/raulmatres,1,C
SKBF_nat,http://twitter.com/SKBF_nat,2,C
amade_mad,http://twitter.com/amade_mad,2,D
iDEAfpdual,http://twitter.com/iDEAfpdual,2,B
CatCante,http://twitter.com/CatCante,1,C
saloensenyament,http://twitter.com/saloensenyament,2,F
ctifmadrideste,http://twitter.com/ctifmadrideste,2,C
HaysEspana,http://twitter.com/HaysEspana,2,B
CoTutorEU,http://twitter.com/CoTutorEU,2,E
elmundo,http://twitter.com/elmundo,2,F
Paloma_Donaire,http://twitter.com/Paloma_Donaire,DESC,DESC
MAITEDEVAL,http://twitter.com/MAITEDEVAL,DESC,DESC
PedroFe09604647,http://twitter.com/PedroFe09604647,DESC,DESC
ibalears,http://twitter.com/ibalears,DESC,DESC
Isabel_Gonzal,http://twitter.com/Isabel_Gonzal,1,C
edulcoro,http://twitter.com/edulcoro,1,C
oscarboluda,http://twitter.com/oscarboluda,1,C
aarranzcad,http://twitter.com/aarranzcad,1,C
FOLanodetal,http://twitter.com/FOLanodetal,1,C
raiabril,http://twitter.com/raiabril,1,C
iElenaR,http://twitter.com/iElenaR,1,C
jmalex,http://twitter.com/jmalex,1,C
amiguel_FP,http://twitter.com/amiguel_FP,1,C
antonio_guirao,http://twitter.com/antonio_guirao,1,C
malonsorosa,http://twitter.com/malonsorosa,1,C
Luisdsma,http://twitter.com/Luisdsma,1,C
rammurgia,http://twitter.com/rammurgia,1,C
xarxatic,http://twitter.com/xarxatic,1,C
AnicetoRamirez,http://twitter.com/AnicetoRamirez,1,C
carlosprieto71,http://twitter.com/carlosprieto71,1,C
magargalvez,http://twitter.com/magargalvez,1,C
manuelcaba,http://twitter.com/manuelcaba,1,C
JavierJuanPerez,http://twitter.com/JavierJuanPerez,1,C
emilio_daz,http://twitter.com/emilio_daz,1,C
LolaPSageras,http://twitter.com/LolaPSageras,1,C
ProfeFme,http://twitter.com/ProfeFme,1,C
MarketTeacher,http://twitter.com/MarketTeacher,1,C
Xabier_Egibide,http://twitter.com/Xabier_Egibide,1,C
carlostessier,http://twitter.com/carlostessier,1,C
pdrobarahona,http://twitter.com/pdrobarahona,1,C
J_A_Mata,http://twitter.com/J_A_Mata,1,C
Jose_GROG,http://twitter.com/Jose_GROG,1,C
javiercueli,http://twitter.com/javiercueli,1,C
ricardcoma,http://twitter.com/ricardcoma,1,C
djangulo72,http://twitter.com/djangulo72,1,C
jesus_fol,http://twitter.com/jesus_fol,1,C
AlfonsoVBustos,http://twitter.com/AlfonsoVBustos,1,C
aalmarazmar,http://twitter.com/aalmarazmar,1,C
macrespop,http://twitter.com/macrespop,1,C
joserodrigocp,http://twitter.com/joserodrigocp,1,C
orientaedu,http://twitter.com/orientaedu,1,C
sergiflags,http://twitter.com/sergiflags,1,C
Luckylluch,http://twitter.com/Luckylluch,1,C
ilucast38,http://twitter.com/ilucast38,1,C
SaraSacristan,http://twitter.com/SaraSacristan,1,C
orientafp,http://twitter.com/orientafp,1,C
tecnifor,http://twitter.com/tecnifor,1,C
Macrespopz,http://twitter.com/Macrespopz,1,C
ritoau,http://twitter.com/ritoau,1,C
srojascarlos,http://twitter.com/srojascarlos,1,C
jalvmes,http://twitter.com/jalvmes,1,C
florent_santos,http://twitter.com/florent_santos,1,C
rafacampa,http://twitter.com/rafacampa,1,C
pacocanom,http://twitter.com/pacocanom,1,C
lbarroso,http://twitter.com/lbarroso,1,C
ppenalvera,http://twitter.com/ppenalvera,1,C
VillaroRosa,http://twitter.com/VillaroRosa,1,C
marn_maite,http://twitter.com/marn_maite,1,C
rosaprats,http://twitter.com/rosaprats,1,C
PepeMe,http://twitter.com/PepeMe,1,C
csernis,http://twitter.com/csernis,1,C
cccesssarrr,http://twitter.com/cccesssarrr,1,C
slorenzom,http://twitter.com/slorenzom,1,B
Tanja_AHK,http://twitter.com/Tanja_AHK,1,B
MaryamBlanes,http://twitter.com/MaryamBlanes,1,B
Naboan,http://twitter.com/Naboan,1,B
garcguti,http://twitter.com/garcguti,1,B
eduestevezg,http://twitter.com/eduestevezg,1,B
JCTH2007,http://twitter.com/JCTH2007,1,B
Dircom_CEOE,http://twitter.com/Dircom_CEOE,1,B
llucpeclim,http://twitter.com/llucpeclim,1,B
AmaliaBlanco2,http://twitter.com/AmaliaBlanco2,1,B
bmartinsanz,http://twitter.com/bmartinsanz,1,B
juancarcubeiro,http://twitter.com/juancarcubeiro,1,B
VivianFrancos,http://twitter.com/VivianFrancos,1,B
ManuelCermeron,http://twitter.com/ManuelCermeron,1,B
silvibag,http://twitter.com/silvibag,2,B
rosaallegue,http://twitter.com/rosaallegue,1,B
ToniMi,http://twitter.com/ToniMi,1,B
juannietogarcia,http://twitter.com/juannietogarcia,1,B
guelbenzu,http://twitter.com/guelbenzu,1,B
CarmenChicharro,http://twitter.com/CarmenChicharro,1,B
CatalinaAlemany,http://twitter.com/CatalinaAlemany,1,B
OlgaGarcasaz1,http://twitter.com/OlgaGarcasaz1,1,B
mariannethyssen,http://twitter.com/mariannethyssen,1,A
FeriaAula,http://twitter.com/FeriaAula,2,F
LaRedDual,http://twitter.com/LaRedDual,2,F
FEmLlobregat,http://twitter.com/FEmLlobregat,2,F
CIEMEDUMA,http://twitter.com/CIEMEDUMA,2,F
Fira_Barcelona,http://twitter.com/Fira_Barcelona,2,F
CincoDiascom,http://twitter.com/CincoDiascom,2,F
elmundoes,http://twitter.com/elmundoes,2,F
el_pais,http://twitter.com/el_pais,2,F
LaVanguardia,http://twitter.com/LaVanguardia,2,F
abc_es,http://twitter.com/abc_es,2,F
expansioncom,http://twitter.com/expansioncom,2,F
elEconomistaes,http://twitter.com/elEconomistaes,2,F
elpais_economia,http://twitter.com/elpais_economia,2,F
20m,http://twitter.com/20m,2,F
FPdual,http://twitter.com/FPdual,2,F
Magisnet,http://twitter.com/Magisnet,2,F
eldiarioes,http://twitter.com/eldiarioes,2,F
YouTube,http://twitter.com/YouTube,2,F
laverdad_es,http://twitter.com/laverdad_es,2,F
elperiodico,http://twitter.com/elperiodico,2,F
informacion_es,http://twitter.com/informacion_es,2,F
EquiposyTalento,http://twitter.com/EquiposyTalento,2,F
lanuevaespana,http://twitter.com/lanuevaespana,2,F
levante_emv,http://twitter.com/levante_emv,2,F
europapress_es,http://twitter.com/europapress_es,2,F
DiarioSUR,http://twitter.com/DiarioSUR,2,F
elcomerciodigit,http://twitter.com/elcomerciodigit,2,F
la_informacion,http://twitter.com/la_informacion,2,F
cyleconomica,http://twitter.com/cyleconomica,2,F
diariolaopinion,http://twitter.com/diariolaopinion,2,F
lasprovincias,http://twitter.com/lasprovincias,2,F
diariosevilla,http://twitter.com/diariosevilla,2,F
deia_bizkaia,http://twitter.com/deia_bizkaia,2,F
libertaddigital,http://twitter.com/libertaddigital,2,F
wordpressdotcom,http://twitter.com/wordpressdotcom,2,F
elespanolcom,http://twitter.com/elespanolcom,2,F
CAPITALRADIOB,http://twitter.com/CAPITALRADIOB,2,F
La_SER,http://twitter.com/La_SER,2,F
RRHHDigital,http://twitter.com/RRHHDigital,2,F
elempresariocom,http://twitter.com/elempresariocom,2,F
elcorreo_com,http://twitter.com/elcorreo_com,2,F
NotGip,http://twitter.com/NotGip,2,F
diariovasco,http://twitter.com/diariovasco,2,F
AQHT_TVE,http://twitter.com/AQHT_TVE,2,F
diariomallorca,http://twitter.com/diariomallorca,2,F
lariojacom,http://twitter.com/lariojacom,2,F
elconfidencial,http://twitter.com/elconfidencial,2,F
marcaempleo,http://twitter.com/marcaempleo,2,F
diariodeleon,http://twitter.com/diariodeleon,2,F
finanzascom,http://twitter.com/finanzascom,2,F
RRHHpress,http://twitter.com/RRHHpress,2,F
opiniondemalaga,http://twitter.com/opiniondemalaga,2,F
lamarea_com,http://twitter.com/lamarea_com,2,F
NoticiasNavarra,http://twitter.com/NoticiasNavarra,2,F
rtve,http://twitter.com/rtve,2,F
europapress,http://twitter.com/europapress,2,F
diariodeburgos,http://twitter.com/diariodeburgos,2,F
ecoAula,http://twitter.com/ecoAula,2,F
PortalAlemania,http://twitter.com/PortalAlemania,2,F
nuevatribuna,http://twitter.com/nuevatribuna,2,F
epmediterraneo,http://twitter.com/epmediterraneo,2,F
larazon_es,http://twitter.com/larazon_es,2,F
EPCatalunya,http://twitter.com/EPCatalunya,2,F
eldigitalCLM,http://twitter.com/eldigitalCLM,2,F
T_interesa,http://twitter.com/T_interesa,2,F
DualFP,http://twitter.com/DualFP,2,F
ORH_RH,http://twitter.com/ORH_RH,2,F
24clm,http://twitter.com/24clm,2,F
EFEempresas,http://twitter.com/EFEempresas,2,F
FPactual,http://twitter.com/FPactual,2,F
Corresponsables,http://twitter.com/Corresponsables,2,F
Avilared,http://twitter.com/Avilared,2,F
TrabajarEuropa,http://twitter.com/TrabajarEuropa,2,F
NavarraCapital,http://twitter.com/NavarraCapital,2,F
Enclmdiario,http://twitter.com/Enclmdiario,2,F
ondacerogijon,http://twitter.com/ondacerogijon,2,F
ADocenteRevista,http://twitter.com/ADocenteRevista,2,F
Economia_3,http://twitter.com/Economia_3,2,F
EmpresariosDHen,http://twitter.com/EmpresariosDHen,2,F
Farodevigo,http://twitter.com/Farodevigo,2,F
CursosCPyFP,http://twitter.com/CursosCPyFP,2,F
EPeducacion,http://twitter.com/EPeducacion,2,F
diaridtarragona,http://twitter.com/diaridtarragona,2,F
portalparados,http://twitter.com/portalparados,2,F
OndaCero_es,http://twitter.com/OndaCero_es,2,F
iniciaFP,http://twitter.com/iniciaFP,2,F
innovacion_edu,http://twitter.com/innovacion_edu,2,F
CompromisoRSE,http://twitter.com/CompromisoRSE,2,F
EPCLM,http://twitter.com/EPCLM,2,F
antena3com,http://twitter.com/antena3com,2,F
lavozdegalicia,http://twitter.com/lavozdegalicia,2,F
cordoba,http://twitter.com/cordoba,2,F
A3Noticias,http://twitter.com/A3Noticias,2,F
Infoempleo,http://twitter.com/Infoempleo,2,F
elecodiario,http://twitter.com/elecodiario,2,F
Zamora24horas,http://twitter.com/Zamora24horas,2,F
M21madrid,http://twitter.com/M21madrid,2,F
La_Cerca,http://twitter.com/La_Cerca,2,F
VIAEmpresa,http://twitter.com/VIAEmpresa,2,F
emagister,http://twitter.com/emagister,2,F
Murdiario,http://twitter.com/Murdiario,2,F
Rioja2,http://twitter.com/Rioja2,2,F
alicanteplaza,http://twitter.com/alicanteplaza,2,F
ParaTodosLa2,http://twitter.com/ParaTodosLa2,2,F
eleconomista,http://twitter.com/eleconomista,2,F
DiariTreball,http://twitter.com/DiariTreball,2,F
objetivoempleo,http://twitter.com/objetivoempleo,2,F
Cambio16,http://twitter.com/Cambio16,2,F
desdeSoria,http://twitter.com/desdeSoria,2,F
ABC_CValenciana,http://twitter.com/ABC_CValenciana,2,F
encuentratufp,http://twitter.com/encuentratufp,2,F
pulsogestiona,http://twitter.com/pulsogestiona,2,F
imancorp_fdn,http://twitter.com/imancorp_fdn,2,E
amadipesment,http://twitter.com/amadipesment,2,E
fundacionexit,http://twitter.com/fundacionexit,2,E
ocdeenespanol,http://twitter.com/ocdeenespanol,2,E
FBertelsmann,http://twitter.com/FBertelsmann,2,E
DualizaBankia,http://twitter.com/DualizaBankia,2,E
FundATRESMEDIA,http://twitter.com/FundATRESMEDIA,2,E
Descubrela_FP,http://twitter.com/Descubrela_FP,2,E
fundaciobcnfp,http://twitter.com/fundaciobcnfp,2,E
FPdGi,http://twitter.com/FPdGi,2,E
Fund_Laboral,http://twitter.com/Fund_Laboral,2,E
FMahouSanMiguel,http://twitter.com/FMahouSanMiguel,2,E
fmapfre,http://twitter.com/fmapfre,2,E
socialfedea,http://twitter.com/socialfedea,2,E
aemprende,http://twitter.com/aemprende,2,E
Alianzafpdual,http://twitter.com/Alianzafpdual,2,E
CdEconomia,http://twitter.com/CdEconomia,2,E
Fundae_es,http://twitter.com/Fundae_es,2,E
cadecordobaAE,http://twitter.com/cadecordobaAE,2,E
FundacioBofill,http://twitter.com/FundacioBofill,2,E
Cotec_Innova,http://twitter.com/Cotec_Innova,2,E
frdelpino,http://twitter.com/frdelpino,2,E
cademalaga,http://twitter.com/cademalaga,2,E
fguma,http://twitter.com/fguma,2,E
IPPR,http://twitter.com/IPPR,2,E
e_bertelsmann,http://twitter.com/e_bertelsmann,2,E
UGT_Comunica,http://twitter.com/UGT_Comunica,2,D
CCOO,http://twitter.com/CCOO,2,D
ugtcatalunya,http://twitter.com/ugtcatalunya,2,D
fsiemadrid,http://twitter.com/fsiemadrid,2,D
ccoocatalunya,http://twitter.com/ccoocatalunya,2,D
CCOOeducacio,http://twitter.com/CCOOeducacio,2,D
fsie_nacional,http://twitter.com/fsie_nacional,2,D
CCOOFP,http://twitter.com/CCOOFP,2,D
UGTCyL,http://twitter.com/UGTCyL,2,D
FpUgt,http://twitter.com/FpUgt,2,D
usocatalunya,http://twitter.com/usocatalunya,2,D
practiquem,http://twitter.com/practiquem,2,D
SoyPublica,http://twitter.com/SoyPublica,2,C
YoEPublica,http://twitter.com/YoEPublica,2,C
VenaMareaVerde,http://twitter.com/VenaMareaVerde,2,C
EdukFuenla,http://twitter.com/EdukFuenla,2,C
Msepa_Asturias,http://twitter.com/Msepa_Asturias,2,C
mejoraep,http://twitter.com/mejoraep,2,C
redfp,http://twitter.com/redfp,2,C
ikaslanaraba,http://twitter.com/ikaslanaraba,2,C
gredossandiego,http://twitter.com/gredossandiego,2,C
InnovacionFP,http://twitter.com/InnovacionFP,2,C
fundacionsafa,http://twitter.com/fundacionsafa,2,C
educsi,http://twitter.com/educsi,2,C
SalesianosEs,http://twitter.com/SalesianosEs,2,C
lasallearlep,http://twitter.com/lasallearlep,2,C
Aprendemas,http://twitter.com/Aprendemas,2,C
EDUCAWEB,http://twitter.com/EDUCAWEB,2,C
titulosfp,http://twitter.com/titulosfp,2,C
FPlandia,http://twitter.com/FPlandia,2,C
GestionaHijos,http://twitter.com/GestionaHijos,2,C
AvanzaETC,http://twitter.com/AvanzaETC,2,C
fp_empresa,http://twitter.com/fp_empresa,2,C
HETELFP,http://twitter.com/HETELFP,2,C
CECEducacion,http://twitter.com/CECEducacion,2,C
JulenElgeta,http://twitter.com/JulenElgeta,2,C
IkaslanBizkaia,http://twitter.com/IkaslanBizkaia,2,C
AiceIzea,http://twitter.com/AiceIzea,2,C
efasclm,http://twitter.com/efasclm,2,C
TeideHease,http://twitter.com/TeideHease,2,C
jesuitesFP,http://twitter.com/jesuitesFP,2,C
UECoE3,http://twitter.com/UECoE3,2,C
ecatolicmadrid,http://twitter.com/ecatolicmadrid,2,C
ecatolicas,http://twitter.com/ecatolicas,2,C
Red_EQAp,http://twitter.com/Red_EQAp,2,C
CECEMADRID,http://twitter.com/CECEMADRID,2,C
CampusEUSA,http://twitter.com/CampusEUSA,2,C
ITAINNOVA,http://twitter.com/ITAINNOVA,2,C
floridauni,http://twitter.com/floridauni,2,C
PTAMalaga,http://twitter.com/PTAMalaga,2,C
CultivosF,http://twitter.com/CultivosF,2,C
tknika,http://twitter.com/tknika,2,C
universidadcjc,http://twitter.com/universidadcjc,2,C
UEuropea,http://twitter.com/UEuropea,2,C
UNIRuniversidad,http://twitter.com/UNIRuniversidad,2,C
ufvmadrid,http://twitter.com/ufvmadrid,2,C
IISLaFe,http://twitter.com/IISLaFe,2,C
UABBarcelona,http://twitter.com/UABBarcelona,2,C
Leitat,http://twitter.com/Leitat,2,C
PCTcartuja,http://twitter.com/PCTcartuja,2,C
Ivie_news,http://twitter.com/Ivie_news,2,C
U_tad,http://twitter.com/U_tad,2,C
InfoUMA,http://twitter.com/InfoUMA,2,C
LoyolaAnd,http://twitter.com/LoyolaAnd,2,C
Eurecat_news,http://twitter.com/Eurecat_news,2,C
UCOMILLAS,http://twitter.com/UCOMILLAS,2,C
oalpick,http://twitter.com/oalpick,1,A
prsardinero,http://twitter.com/prsardinero,1,A
cpilosenlaces,http://twitter.com/cpilosenlaces,2,C
EFEescuela,http://twitter.com/EFEescuela,2,C
CEOE_FORMACION,http://twitter.com/CEOE_FORMACION,2,B
salesianssarria,http://twitter.com/salesianssarria,2,C
ceoeformacion,http://twitter.com/ceoeformacion,2,C
XabecCF,http://twitter.com/XabecCF,2,C
IESFernandoIII,http://twitter.com/IESFernandoIII,2,C
iescartuja,http://twitter.com/iescartuja,2,C
fpiescampa,http://twitter.com/fpiescampa,2,C
iesClaraDelRey,http://twitter.com/iesClaraDelRey,2,C
_EscueladelAgua,http://twitter.com/_EscueladelAgua,2,C
hecansa,http://twitter.com/hecansa,2,C
cepmalaga,http://twitter.com/cepmalaga,2,C
fpdual_iesvelez,http://twitter.com/fpdual_iesvelez,2,C
Salesian_Boscos,http://twitter.com/Salesian_Boscos,2,C
CentroZalima,http://twitter.com/CentroZalima,2,C
cifpa_aragon,http://twitter.com/cifpa_aragon,2,C
CIFP_PRV,http://twitter.com/CIFP_PRV,2,C
cesurformacion,http://twitter.com/cesurformacion,2,C
EHTSIMONEORTEGA,http://twitter.com/EHTSIMONEORTEGA,2,C
IMH_Elgoibar,http://twitter.com/IMH_Elgoibar,2,C
insperemartell,http://twitter.com/insperemartell,2,C
FEDA_Madrid_,http://twitter.com/FEDA_Madrid_,2,C
IESCosmeGarcia,http://twitter.com/IESCosmeGarcia,2,C
CFSomorrostro,http://twitter.com/CFSomorrostro,2,C
EdTbarcelona,http://twitter.com/EdTbarcelona,2,C
albaydar,http://twitter.com/albaydar,2,C
SalesianosPam,http://twitter.com/SalesianosPam,2,C
iestomvalmadrid,http://twitter.com/iestomvalmadrid,2,C
cpifppiramide,http://twitter.com/cpifppiramide,2,C
lalaboralcifp,http://twitter.com/lalaboralcifp,2,C
cifpcarlos3,http://twitter.com/cifpcarlos3,2,C
fpbidasoa,http://twitter.com/fpbidasoa,2,C
pitxorierri,http://twitter.com/pitxorierri,2,C
SAFAICET,http://twitter.com/SAFAICET,2,C
EFALASERNA,http://twitter.com/EFALASERNA,2,C
EpAlcazaren,http://twitter.com/EpAlcazaren,2,C
automociondual,http://twitter.com/automociondual,2,C
EfaValdemilanos,http://twitter.com/EfaValdemilanos,2,C
grado_superior,http://twitter.com/grado_superior,2,C
FPJROtero,http://twitter.com/FPJROtero,2,C
centro_sanluis,http://twitter.com/centro_sanluis,2,C
fpcatarroja,http://twitter.com/fpcatarroja,2,C
AulaMentorEcija,http://twitter.com/AulaMentorEcija,2,C
Hotecma1,http://twitter.com/Hotecma1,2,C
Laudioalde,http://twitter.com/Laudioalde,2,C
sanidadlitoral,http://twitter.com/sanidadlitoral,2,C
EGIBIDE,http://twitter.com/EGIBIDE,2,C
jesuitasrioja,http://twitter.com/jesuitasrioja,2,C
cepdegranada,http://twitter.com/cepdegranada,2,C
escolapiamataro,http://twitter.com/escolapiamataro,2,C
EPJaveriana,http://twitter.com/EPJaveriana,2,C
cifppicofrentes,http://twitter.com/cifppicofrentes,2,C
MaristakDurango,http://twitter.com/MaristakDurango,2,C
cbadalones,http://twitter.com/cbadalones,2,C
iesICARO,http://twitter.com/iesICARO,2,C
FPPadrePiquer,http://twitter.com/FPPadrePiquer,2,C
salesianasnerv,http://twitter.com/salesianasnerv,2,C
cifpavila,http://twitter.com/cifpavila,2,C
CIFPRIOEBRO,http://twitter.com/CIFPRIOEBRO,2,C
EsmentEscola,http://twitter.com/EsmentEscola,2,C
ieslarosaleda,http://twitter.com/ieslarosaleda,2,C
Salesians_SVH,http://twitter.com/Salesians_SVH,2,C
IESPabloPicasso,http://twitter.com/IESPabloPicasso,2,C
avemariamalaga,http://twitter.com/avemariamalaga,2,C
iesislaverde,http://twitter.com/iesislaverde,2,C
SanJoseMalaga,http://twitter.com/SanJoseMalaga,2,C
iescolumela,http://twitter.com/iescolumela,2,C
IFPMP_LPGC,http://twitter.com/IFPMP_LPGC,2,C
insillabanyols,http://twitter.com/insillabanyols,2,C
Altaviana,http://twitter.com/Altaviana,2,C
Asuncionmalaga,http://twitter.com/Asuncionmalaga,2,C
IESGalileo,http://twitter.com/IESGalileo,2,C
LASALLEARCOS,http://twitter.com/LASALLEARCOS,2,C
EHAEmporda,http://twitter.com/EHAEmporda,2,C
valledelazahar,http://twitter.com/valledelazahar,2,C
ies_laslagunas,http://twitter.com/ies_laslagunas,2,C
LaSalleGracia,http://twitter.com/LaSalleGracia,2,C
FPLaSalleGracia,http://twitter.com/FPLaSalleGracia,2,C
AHK_es,http://twitter.com/AHK_es,2,B
camaradesevilla,http://twitter.com/camaradesevilla,2,B
CCGranada,http://twitter.com/CCGranada,2,B
camaramurcia,http://twitter.com/camaramurcia,2,B
camarazaragoza,http://twitter.com/camarazaragoza,2,B
cambrabcn,http://twitter.com/cambrabcn,2,B
cambramallorca,http://twitter.com/cambramallorca,2,B
camaraemplea,http://twitter.com/camaraemplea,2,B
CamaradeMadrid,http://twitter.com/CamaradeMadrid,2,B
CamaraBurgos,http://twitter.com/CamaraBurgos,2,B
camarascomercio,http://twitter.com/camarascomercio,2,B
camaraofcordoba,http://twitter.com/camaraofcordoba,2,B
camaracomlorca,http://twitter.com/camaracomlorca,2,B
Camara_Malaga,http://twitter.com/Camara_Malaga,2,B
CambraTerrassa,http://twitter.com/CambraTerrassa,2,B
CamaraToledo,http://twitter.com/CamaraToledo,2,B
camaranavarra,http://twitter.com/camaranavarra,2,B
CamaraAlmeria,http://twitter.com/CamaraAlmeria,2,B
cambragirona,http://twitter.com/cambragirona,2,B
CambraTarragona,http://twitter.com/CambraTarragona,2,B
camaracg,http://twitter.com/camaracg,2,B
CamaraJerez,http://twitter.com/CamaraJerez,2,B
Camara_Segovia,http://twitter.com/Camara_Segovia,2,B
camaradezamora,http://twitter.com/camaradezamora,2,B
CamaraGijon,http://twitter.com/CamaraGijon,2,B
CamaraAndujar,http://twitter.com/CamaraAndujar,2,B
CEOE_ES,http://twitter.com/CEOE_ES,2,B
Confebask,http://twitter.com/Confebask,2,B
empresa_rioja,http://twitter.com/empresa_rioja,2,B
_CEIM_,http://twitter.com/_CEIM_,2,B
circulodempresa,http://twitter.com/circulodempresa,2,B
Confeformacion,http://twitter.com/Confeformacion,2,B
AERTIC,http://twitter.com/AERTIC,2,B
csostenibilidad,http://twitter.com/csostenibilidad,2,B
CEOEAragon,http://twitter.com/CEOEAragon,2,B
AdecatDec,http://twitter.com/AdecatDec,2,B
FAEBurgos,http://twitter.com/FAEBurgos,2,B
_CECAM,http://twitter.com/_CECAM,2,B
Pormarca_Espana,http://twitter.com/Pormarca_Espana,2,B
agremia,http://twitter.com/agremia,2,B
astic1960,http://twitter.com/astic1960,2,B
CEAes_,http://twitter.com/CEAes_,2,B
EFCyL,http://twitter.com/EFCyL,2,B
pimec,http://twitter.com/pimec,2,B
FADE_COMUNICA,http://twitter.com/FADE_COMUNICA,2,B
FomentTreball,http://twitter.com/FomentTreball,2,B
aedhe,http://twitter.com/aedhe,2,B
Ceoecant,http://twitter.com/Ceoecant,2,B
CAARAUTOARAGON,http://twitter.com/CAARAUTOARAGON,2,B
Confae,http://twitter.com/Confae,2,B
ASTITechGroup,http://twitter.com/ASTITechGroup,2,B
Empresarioszgz,http://twitter.com/Empresarioszgz,2,B
fehmallorca,http://twitter.com/fehmallorca,2,B
AEFAS_asturias,http://twitter.com/AEFAS_asturias,2,B
CecapFormacion,http://twitter.com/CecapFormacion,2,B
aeqtonline,http://twitter.com/aeqtonline,2,B
AESTarragona,http://twitter.com/AESTarragona,2,B
CEN_Navarra,http://twitter.com/CEN_Navarra,2,B
fremm_es,http://twitter.com/fremm_es,2,B
EmpreSEA,http://twitter.com/EmpreSEA,2,B
AdecaCampollano,http://twitter.com/AdecaCampollano,2,B
UNOlogistica,http://twitter.com/UNOlogistica,2,B
croemurcia,http://twitter.com/croemurcia,2,B
AJERegionMurcia,http://twitter.com/AJERegionMurcia,2,B
cepyme_,http://twitter.com/cepyme_,2,B
Tecniberia,http://twitter.com/Tecniberia,2,B
Aiqbe30,http://twitter.com/Aiqbe30,2,B
Gentic_org,http://twitter.com/Gentic_org,2,B
CamaraMotril,http://twitter.com/CamaraMotril,2,B
fedetoempresas,http://twitter.com/fedetoempresas,2,B
ClusterMMA,http://twitter.com/ClusterMMA,2,B
CesurEdelSur,http://twitter.com/CesurEdelSur,2,B
CEPplast,http://twitter.com/CEPplast,2,B
CEAJE,http://twitter.com/CEAJE,2,B
TixeAE,http://twitter.com/TixeAE,2,B
autonomosata,http://twitter.com/autonomosata,2,B
Amiitel,http://twitter.com/Amiitel,2,B
ceoecuenca,http://twitter.com/ceoecuenca,2,B
AEFALICANTE,http://twitter.com/AEFALICANTE,2,B
infoFECIC,http://twitter.com/infoFECIC,2,B
AECIM_org,http://twitter.com/AECIM_org,2,B
CAEB,http://twitter.com/CAEB,2,B
sernauto,http://twitter.com/sernauto,2,B
Ascamm_Gremi,http://twitter.com/Ascamm_Gremi,2,B
AEBALL_UPMBALL,http://twitter.com/AEBALL_UPMBALL,2,B
GremidelMotor,http://twitter.com/GremidelMotor,2,B
UPMbcn,http://twitter.com/UPMbcn,2,B
AgrupacioIBV,http://twitter.com/AgrupacioIBV,2,B
FEMEPA_LP,http://twitter.com/FEMEPA_LP,2,B
FEDEQUIMVE,http://twitter.com/FEDEQUIMVE,2,B
acragentgran,http://twitter.com/acragentgran,2,B
cel_leon,http://twitter.com/cel_leon,2,B
telefonica_ed,http://twitter.com/telefonica_ed,2,B
lidlespana,http://twitter.com/lidlespana,2,B
siemens_es,http://twitter.com/siemens_es,2,B
tuSEAT,http://twitter.com/tuSEAT,2,B
MediaMarkt_es,http://twitter.com/MediaMarkt_es,2,B
Repsol,http://twitter.com/Repsol,2,B
Nestle_es,http://twitter.com/Nestle_es,2,B
suezES,http://twitter.com/suezES,2,B
leroymerlin_es,http://twitter.com/leroymerlin_es,2,B
Renfe,http://twitter.com/Renfe,2,B
enaccionBankia,http://twitter.com/enaccionBankia,2,B
AccentureSpain,http://twitter.com/AccentureSpain,2,B
Heineken_ES,http://twitter.com/Heineken_ES,2,B
jpmorgan,http://twitter.com/jpmorgan,2,B
pasiona,http://twitter.com/pasiona,2,B
BASF_ES,http://twitter.com/BASF_ES,2,B
ManpowerGroupES,http://twitter.com/ManpowerGroupES,2,B
Agbar,http://twitter.com/Agbar,2,B
elcorteingles,http://twitter.com/elcorteingles,2,B
BoschEspana,http://twitter.com/BoschEspana,2,B
orange_es,http://twitter.com/orange_es,2,B
IndraCompany,http://twitter.com/IndraCompany,2,B
IKEASpain,http://twitter.com/IKEASpain,2,B
IbeconFormacion,http://twitter.com/IbeconFormacion,2,B
VIAQUA,http://twitter.com/VIAQUA,2,B
VW_es,http://twitter.com/VW_es,2,B
siemens_ind,http://twitter.com/siemens_ind,2,B
dicomol,http://twitter.com/dicomol,2,B
AytoSoluciones,http://twitter.com/AytoSoluciones,2,B
LeroyMerlinCorp,http://twitter.com/LeroyMerlinCorp,2,B
PressBankia,http://twitter.com/PressBankia,2,B
IPEditorial,http://twitter.com/IPEditorial,2,B
ASTIMRobotics,http://twitter.com/ASTIMRobotics,2,B
editorialeditex,http://twitter.com/editorialeditex,2,B
EventosUE,http://twitter.com/EventosUE,2,B
AerzenIberica,http://twitter.com/AerzenIberica,2,B
santillanafp,http://twitter.com/santillanafp,2,B
LaMeseta,http://twitter.com/LaMeseta,2,B
crearsa,http://twitter.com/crearsa,2,B
formagrupo,http://twitter.com/formagrupo,2,B
Bankia,http://twitter.com/Bankia,2,B
volvocar_es,http://twitter.com/volvocar_es,2,B
Atlantic_Copper,http://twitter.com/Atlantic_Copper,2,B
Petronor_Info,http://twitter.com/Petronor_Info,2,B
Heineken_ESCorp,http://twitter.com/Heineken_ESCorp,2,B
MahouSanMiguel,http://twitter.com/MahouSanMiguel,2,B
BLevrault_ES,http://twitter.com/BLevrault_ES,2,B
ctaima,http://twitter.com/ctaima,2,B
ZurichSeguros,http://twitter.com/ZurichSeguros,2,B
Deloitte_ES,http://twitter.com/Deloitte_ES,2,B
SGplaco,http://twitter.com/SGplaco,2,B
UnileverSpain,http://twitter.com/UnileverSpain,2,B
Gaes,http://twitter.com/Gaes,2,B
RedElectricaREE,http://twitter.com/RedElectricaREE,2,B
gestamp,http://twitter.com/gestamp,2,B
Aldi_es,http://twitter.com/Aldi_es,2,B
DANOBATGROUP,http://twitter.com/DANOBATGROUP,2,B
BoschGlobal,http://twitter.com/BoschGlobal,2,B
Campofrio_es,http://twitter.com/Campofrio_es,2,B
CarrefourES,http://twitter.com/CarrefourES,2,B
Essilor_Spain,http://twitter.com/Essilor_Spain,2,B
TimTul_es,http://twitter.com/TimTul_es,2,B
Naturgy,http://twitter.com/Naturgy,2,B
GrupoSiena,http://twitter.com/GrupoSiena,2,B
UnicajaBanco,http://twitter.com/UnicajaBanco,2,B
enagas,http://twitter.com/enagas,2,B
ComexiGroup,http://twitter.com/ComexiGroup,2,B
ericsson,http://twitter.com/ericsson,2,B
Connectis_,http://twitter.com/Connectis_,2,B
DowTarragona,http://twitter.com/DowTarragona,2,B
RiuHoteles,http://twitter.com/RiuHoteles,2,B
barcelohoteles,http://twitter.com/barcelohoteles,2,B
ElringKlingerAG,http://twitter.com/ElringKlingerAG,2,B
empresasiman,http://twitter.com/empresasiman,2,B
AdvantageConHR,http://twitter.com/AdvantageConHR,2,B
ComexiCTec,http://twitter.com/ComexiCTec,2,B
CelsaGroup,http://twitter.com/CelsaGroup,2,B
iberdrola,http://twitter.com/iberdrola,2,B
HiltonMadrid,http://twitter.com/HiltonMadrid,2,B
Zurich,http://twitter.com/Zurich,2,B
ISS_ES,http://twitter.com/ISS_ES,2,B
ALSA_Autobuses,http://twitter.com/ALSA_Autobuses,2,B
SAE_Ibertest,http://twitter.com/SAE_Ibertest,2,B
Freudenberg,http://twitter.com/Freudenberg,2,B
Nielsen_Spain,http://twitter.com/Nielsen_Spain,2,B
qipertco,http://twitter.com/qipertco,2,B
megustaleer,http://twitter.com/megustaleer,2,B
ullastresinfo,http://twitter.com/ullastresinfo,2,B
mjodarasesores,http://twitter.com/mjodarasesores,2,B
AFFORPrevencion,http://twitter.com/AFFORPrevencion,2,B
VIPS,http://twitter.com/VIPS,2,B
beckhoff,http://twitter.com/beckhoff,2,B
Bertelsmann_DE,http://twitter.com/Bertelsmann_DE,2,B
Airbus,http://twitter.com/Airbus,2,B
OITnoticias,http://twitter.com/OITnoticias,2,A
ppmadrid,http://twitter.com/ppmadrid,2,A
LaRiojaPP,http://twitter.com/LaRiojaPP,2,A
NNGG_CV,http://twitter.com/NNGG_CV,2,A
PP_Asturias,http://twitter.com/PP_Asturias,2,A
PPopular,http://twitter.com/PPopular,2,A
populares,http://twitter.com/populares,2,A
CiudadanosCs,http://twitter.com/CiudadanosCs,2,A
PSOE,http://twitter.com/PSOE,2,A
SAEmpleo,http://twitter.com/SAEmpleo,2,A
extremtrabaja,http://twitter.com/extremtrabaja,2,A
empleo_SEPE,http://twitter.com/empleo_SEPE,2,A
ccfpcat,http://twitter.com/ccfpcat,2,A
sepiegob,http://twitter.com/sepiegob,2,A
Inaempleo,http://twitter.com/Inaempleo,2,A
INCUAL,http://twitter.com/INCUAL,2,A
InjuveSpain,http://twitter.com/InjuveSpain,2,A
CTESC,http://twitter.com/CTESC,2,A
_CJE_,http://twitter.com/_CJE_,2,A
aragoncualifica,http://twitter.com/aragoncualifica,2,A
Innobasque,http://twitter.com/Innobasque,2,E
EU_EESC,http://twitter.com/EU_EESC,2,A
Cedefop,http://twitter.com/Cedefop,2,A
EUErasmusPlus,http://twitter.com/EUErasmusPlus,2,A
uemadrid,http://twitter.com/uemadrid,2,A
EU_Social,http://twitter.com/EU_Social,2,A
Ayto_Sevilla,http://twitter.com/Ayto_Sevilla,2,A
bcn_ajuntament,http://twitter.com/bcn_ajuntament,2,A
Ayto2Hermanas,http://twitter.com/Ayto2Hermanas,2,A
LaNaveMadrid,http://twitter.com/LaNaveMadrid,2,A
malaga,http://twitter.com/malaga,2,A
MadridEmprende,http://twitter.com/MadridEmprende,2,A
granollers,http://twitter.com/granollers,2,A
malagaimfe,http://twitter.com/malagaimfe,2,A
AjRubi,http://twitter.com/AjRubi,2,A
FPAndaluza,http://twitter.com/FPAndaluza,2,A
EducaAnd,http://twitter.com/EducaAnd,2,A
ComunidadMadrid,http://twitter.com/ComunidadMadrid,2,A
FPeuskadi,http://twitter.com/FPeuskadi,2,A
educacyl,http://twitter.com/educacyl,2,A
ensenyamentcat,http://twitter.com/ensenyamentcat,2,A
gobjccm,http://twitter.com/gobjccm,2,A
jcyl,http://twitter.com/jcyl,2,A
educajccm,http://twitter.com/educajccm,2,A
Xunta,http://twitter.com/Xunta,2,A
lariojaorg,http://twitter.com/lariojaorg,2,A
Educarm,http://twitter.com/Educarm,2,A
AndaluciaJunta,http://twitter.com/AndaluciaJunta,2,A
GVAeducacio,http://twitter.com/GVAeducacio,2,A
GobAragon,http://twitter.com/GobAragon,2,A
regiondemurcia,http://twitter.com/regiondemurcia,2,A
EmpleoJunta,http://twitter.com/EmpleoJunta,2,A
EducacionCan,http://twitter.com/EducacionCan,2,A
fpdualaragon,http://twitter.com/fpdualaragon,2,A
fp_aragon,http://twitter.com/fp_aragon,2,A
JuntaInforma,http://twitter.com/JuntaInforma,2,A
Gob_eus,http://twitter.com/Gob_eus,2,A
educaciocat,http://twitter.com/educaciocat,2,A
govern,http://twitter.com/govern,2,A
educacionenmlg,http://twitter.com/educacionenmlg,2,A
JuntaGranada,http://twitter.com/JuntaGranada,2,A
fplarioja,http://twitter.com/fplarioja,2,A
GVAlabora,http://twitter.com/GVAlabora,2,A
Seviempleo,http://twitter.com/Seviempleo,2,A
cantabriaes,http://twitter.com/cantabriaes,2,A
gencat,http://twitter.com/gencat,2,A
consorciedubcn,http://twitter.com/consorciedubcn,2,A
generalitat,http://twitter.com/generalitat,2,A
Educastur,http://twitter.com/Educastur,2,A
Junta_Ex,http://twitter.com/Junta_Ex,2,A
PresiCan,http://twitter.com/PresiCan,2,A
diputacionMLG,http://twitter.com/diputacionMLG,2,A
Junta_Educacion,http://twitter.com/Junta_Educacion,2,A
JuntaSevilla,http://twitter.com/JuntaSevilla,2,A
JuntaCordoba,http://twitter.com/JuntaCordoba,2,A
FGC,http://twitter.com/FGC,2,A
TurismoGobCan,http://twitter.com/TurismoGobCan,2,A
PortalJunta,http://twitter.com/PortalJunta,2,A
DIPUSEVI,http://twitter.com/DIPUSEVI,2,A
jarevalo_FP,http://twitter.com/jarevalo_FP,1,A
Guadalupbragado,http://twitter.com/Guadalupbragado,1,A
mjosecatala,http://twitter.com/mjosecatala,1,A
igonzalezPP,http://twitter.com/igonzalezPP,1,A
luciafigar,http://twitter.com/luciafigar,1,A
LuisSaratxaga,http://twitter.com/LuisSaratxaga,1,A
susanadiaz,http://twitter.com/susanadiaz,1,A
javierimbroda,http://twitter.com/javierimbroda,1,A
SMAF12360,http://twitter.com/SMAF12360,1,A
sergiobarrancos,http://twitter.com/sergiobarrancos,1,A
AdelaMCacha,http://twitter.com/AdelaMCacha,1,A
jiribas,http://twitter.com/jiribas,1,A
mancasas7,http://twitter.com/mancasas7,1,A
miguelsolerg,http://twitter.com/miguelsolerg,1,A
Orienta_FP,http://twitter.com/Orienta_FP,1,A
fabianmohedano,http://twitter.com/fabianmohedano,1,A
AnaMariaAguilo,http://twitter.com/AnaMariaAguilo,1,A
al_galiana,http://twitter.com/al_galiana,1,A
LopezMirasF,http://twitter.com/LopezMirasF,1,A
ihenriquezluna,http://twitter.com/ihenriquezluna,1,A
EquipoClavijo,http://twitter.com/EquipoClavijo,1,A
RomanLalin,http://twitter.com/RomanLalin,1,A
cherines_pp,http://twitter.com/cherines_pp,1,A
remepalma,http://twitter.com/remepalma,1,A
RSantolariaM,http://twitter.com/RSantolariaM,1,A
JCcaballeroM,http://twitter.com/JCcaballeroM,1,A
RosanaCLM,http://twitter.com/RosanaCLM,1,A
educaciongob,http://twitter.com/educaciongob,2,A
todofp,http://twitter.com/todofp,2,A
empleogob,http://twitter.com/empleogob,2,A
fomentogob,http://twitter.com/fomentogob,2,A
josemariademoya,http://twitter.com/josemariademoya,1,F
Munerais,http://twitter.com/Munerais,1,F
AntolinRomero,http://twitter.com/AntolinRomero,1,F
pacogutiSUR,http://twitter.com/pacogutiSUR,1,F
pdsotero,http://twitter.com/pdsotero,1,F
AlbertRiba,http://twitter.com/AlbertRiba,1,F
juancamartos,http://twitter.com/juancamartos,1,F
ECasero,http://twitter.com/ECasero,1,F
Berta_CyLE,http://twitter.com/Berta_CyLE,1,F
lalcaldeg,http://twitter.com/lalcaldeg,1,F
LuisVMunoz,http://twitter.com/LuisVMunoz,1,F
cushaquetediga,http://twitter.com/cushaquetediga,1,F
anatorres8,http://twitter.com/anatorres8,1,F
Victor_Reloba,http://twitter.com/Victor_Reloba,1,F
cfdeh,http://twitter.com/cfdeh,1,F
patriciarouzaut,http://twitter.com/patriciarouzaut,1,F
AnaSJuarez,http://twitter.com/AnaSJuarez,1,F
diegogarciacab,http://twitter.com/diegogarciacab,1,F
SelinaOtero,http://twitter.com/SelinaOtero,1,F
pilarvazher,http://twitter.com/pilarvazher,1,E
JordanGM91,http://twitter.com/JordanGM91,1,E
IgnaciodeBenito,http://twitter.com/IgnaciodeBenito,1,E
JuanJoseJuarez,http://twitter.com/JuanJoseJuarez,1,E
jc_lauder,http://twitter.com/jc_lauder,1,E
carolus_dixit,http://twitter.com/carolus_dixit,1,E
marcdesemir,http://twitter.com/marcdesemir,1,E
Ricardvcia,http://twitter.com/Ricardvcia,1,E
neusponspena,http://twitter.com/neusponspena,1,E
Roberto_Ranz,http://twitter.com/Roberto_Ranz,1,E
rosasiles,http://twitter.com/rosasiles,1,E
nachosequeira,http://twitter.com/nachosequeira,1,E
paco_menogal,http://twitter.com/paco_menogal,1,E
evaguado,http://twitter.com/evaguado,1,E
ScaramoucheSd,http://twitter.com/ScaramoucheSd,1,E
Lina_Mico,http://twitter.com/Lina_Mico,1,F
ainarazubillaga,http://twitter.com/ainarazubillaga,1,E
xfabregat,http://twitter.com/xfabregat,1,E
Arturo_Manso,http://twitter.com/Arturo_Manso,1,D
eduard_requena,http://twitter.com/eduard_requena,1,D
rodri_plaza,http://twitter.com/rodri_plaza,1,D
RosaMariCCOO,http://twitter.com/RosaMariCCOO,1,D
franciscomore13,http://twitter.com/franciscomore13,1,D
Lola_Santillana,http://twitter.com/Lola_Santillana,1,D
AfraBlanco,http://twitter.com/AfraBlanco,1,D
mpulidogu,http://twitter.com/mpulidogu,1,D
HelenEgrorienta,http://twitter.com/HelenEgrorienta,1,C
MaVidalR,http://twitter.com/MaVidalR,1,C
silviadanzarina,http://twitter.com/silviadanzarina,1,C
DavidFGuerrero,http://twitter.com/DavidFGuerrero,1,C
NachoAlonsoN,http://twitter.com/NachoAlonsoN,1,C
R_vanGrieken,http://twitter.com/R_vanGrieken,1,C
sanz_ismael,http://twitter.com/sanz_ismael,1,C
mjansen_madrid,http://twitter.com/mjansen_madrid,1,C
JosepMVilalta,http://twitter.com/JosepMVilalta,1,C
MJ_LR,http://twitter.com/MJ_LR,1,C
JFCalderero,http://twitter.com/JFCalderero,1,C
marianorajoy,http://twitter.com/marianorajoy,1,A
pablocasado_,http://twitter.com/pablocasado_,1,A
sanchezcastejon,http://twitter.com/sanchezcastejon,1,A
Jiwert,http://twitter.com/Jiwert,1,A
mdcospedal,http://twitter.com/mdcospedal,1,A
marcialmarinh,http://twitter.com/marcialmarinh,1,A
IMendezdeVigo,http://twitter.com/IMendezdeVigo,1,A
CelaaIsabel,http://twitter.com/CelaaIsabel,1,A
anapastorjulian,http://twitter.com/anapastorjulian,1,A